label,prediction,trip_distance_km,passenger_count,pickup_hour,pickup_dayofweek,pickup_month,pickup_year
0.01,5.691858018407534,0.22187758748097572,1,22,6,5,2015
2.5,5.691858018407534,5.809801759409081E-4,1,16,1,3,2010
2.5,5.691858018407534,0.1361133265507904,1,23,5,7,2009
2.5,5.691858018407534,4.185042068246449E-4,1,14,4,7,2009
2.5,5.691858018407534,4.527157898913889E-4,1,23,4,1,2012
2.5,5.691858018407534,0.012022289922047822,1,15,5,2,2010
2.5,7.815834061880245,2.291149910028702,1,20,5,11,2011
2.5,16.98362141476907,8.269675639853292,1,22,3,7,2012
2.5,5.691858018407534,0.03871325451953132,1,22,3,2,2010
2.5,5.691858018407534,0.11134157127635722,1,15,3,4,2011
2.5,5.691858018407534,0.06752763059534635,1,18,6,1,2015
2.5,5.691858018407534,0.021159681435838316,1,14,5,9,2012
2.5,5.691858018407534,0.003928443932506008,1,1,6,3,2015
2.5,5.691858018407534,0.10689592345642351,1,15,4,12,2014
2.5,5.691858018407534,0.045870115943142914,1,4,6,2,2010
2.5,5.691858018407534,0.2585357413172239,1,1,5,1,2013
2.5,5.691858018407534,2.0185360244955565E-4,1,11,4,1,2010
2.5,5.691858018407534,0.0019328829233676032,1,9,1,8,2011
2.5,5.691858018407534,0.03705937864686691,1,20,7,3,2012
2.5,5.691858018407534,0.006765810291922152,1,6,6,6,2010
2.5,5.691858018407534,0.05672346459604841,1,0,5,8,2009
2.5,5.691858018407534,0.03449543289075454,1,7,7,7,2010
2.5,5.691858018407534,0.0674678984511694,1,1,7,4,2011
2.5,7.815834061880245,2.02302317777311,1,4,3,10,2011
2.5,5.691858018407534,0.004091760172497036,1,7,7,1,2010
2.5,5.691858018407534,0.01853725249921424,1,4,6,3,2014
2.5,5.691858018407534,0.003981974489287847,1,3,3,7,2009
2.5,5.691858018407534,0.022372851827093834,1,2,4,10,2010
2.5,5.691858018407534,0.2757338096508557,1,10,7,4,2015
2.5,5.691858018407534,4.241749828731711E-4,1,0,5,1,2015
2.5,5.691858018407534,0.013527054356760012,1,2,6,3,2014
2.5,5.691858018407534,0.18540976755267022,1,21,1,8,2014
2.5,5.691858018407534,0.004452991057253262,1,8,6,6,2013
2.5,5.691858018407534,0.29913302590320484,1,3,7,8,2009
2.5,5.691858018407534,4.2417498216584804E-4,1,22,7,5,2015
2.5,5.691858018407534,6.975565769208396E-4,1,17,5,1,2009
2.5,5.691858018407534,0.09582953097860367,1,23,5,10,2009
2.5,5.691858018407534,0.06428893198013705,1,22,3,10,2009
2.5,27.99749193548387,9.06871216486841,1,7,3,3,2014
2.5,5.691858018407534,4.356714472207239E-4,1,8,1,8,2012
2.5,13.457201925180561,4.949125820330535,1,7,7,2,2012
2.5,5.691858018407534,0.13667776425737252,1,19,7,11,2009
2.5,5.691858018407534,0.07109405292218907,1,3,3,12,2010
2.5,5.691858018407534,0.0013579487549874626,1,12,1,1,2013
2.5,20.86762226715532,7.888097970527888,1,11,7,1,2013
2.5,12.38599787516601,3.452259576191179,1,17,6,1,2013
2.5,5.691858018407534,0.07864171758726804,1,16,6,3,2009
2.5,5.691858018407534,0.1852175654134649,1,2,6,4,2012
2.5,13.939332218622647,3.9447251645461936,1,14,2,1,2014
2.5,5.691858018407534,0.020255640541724292,1,7,7,9,2013
2.5,5.691858018407534,0.10809292823938503,1,20,3,4,2015
2.5,5.691858018407534,0.035921532823222746,1,15,7,3,2011
2.5,5.691858018407534,0.051929740428936166,1,4,5,8,2011
2.5,5.691858018407534,0.03703694626549503,1,21,5,9,2013
2.5,12.38599787516601,3.406846835689679,1,7,1,5,2014
2.5,5.691858018407534,0.18695672059280924,1,18,1,2,2012
2.5,5.691858018407534,8.106049362612618E-4,1,20,7,4,2009
2.5,33.770940877304554,15.867271381644052,1,3,3,4,2015
2.5,5.691858018407534,0.004014213841464229,1,21,3,3,2014
2.5,5.691858018407534,0.03499176152069135,1,16,1,2,2010
2.5,5.691858018407534,0.08141896618089707,1,22,4,6,2015
2.5,5.691858018407534,0.039612820258086094,1,8,1,5,2013
2.5,5.691858018407534,0.005538741232069267,1,12,7,9,2014
2.5,5.691858018407534,0.04764087989695412,1,2,3,12,2013
2.5,5.691858018407534,0.05872413888728856,1,6,7,10,2014
2.5,5.691858018407534,0.01379089692311532,1,0,6,1,2011
2.5,5.691858018407534,0.0993037924530278,1,2,4,1,2009
2.5,5.691858018407534,0.0031932747310080005,1,15,5,6,2015
2.5,5.691858018407534,0.10213794498880205,1,2,1,7,2011
2.5,5.691858018407534,0.13077981609524186,1,2,5,5,2010
2.5,5.691858018407534,0.11178703157103692,1,11,6,3,2014
2.5,5.691858018407534,0.08530889313907183,1,19,7,11,2012
2.5,5.691858018407534,0.10043430270148977,1,7,1,8,2009
2.5,5.691858018407534,0.07555016297074796,1,20,7,10,2010
2.5,20.86762226715532,6.300869284707663,1,4,3,11,2013
2.5,5.691858018407534,0.0629509452924692,1,0,5,5,2015
2.5,5.691858018407534,0.008902419632118965,1,4,3,5,2014
2.5,5.691858018407534,0.059838881535208034,1,6,5,11,2009
2.5,5.691858018407534,2.790419960019633E-4,1,1,6,8,2011
2.5,7.815834061880245,2.16649246942461,1,3,6,5,2009
2.5,5.691858018407534,8.42711566202586E-5,1,6,6,5,2012
2.5,20.86762226715532,6.471623486803478,1,5,1,10,2013
2.5,5.691858018407534,0.0818652264709433,1,14,4,5,2012
2.5,5.691858018407534,0.05997879025166862,1,20,4,7,2010
2.5,10.24984608397255,2.313290311790147,1,21,6,1,2015
2.5,5.691858018407534,0.18519646160492254,1,23,6,6,2009
2.5,5.691858018407534,0.011412093225204815,1,4,4,7,2012
2.5,5.691858018407534,8.895594131371753E-4,1,20,5,8,2009
2.5,5.691858018407534,0.021352085680609187,1,0,7,11,2012
2.5,16.69762613430127,5.043613903493818,1,4,3,7,2014
2.5,48.26615086358812,96.19703691270988,1,19,6,5,2009
2.5,5.691858018407534,0.020322925911681486,1,20,3,10,2012
2.5,5.691858018407534,0.13032280897035622,1,22,5,8,2013
2.5,5.691858018407534,0.006101670295971764,1,22,4,11,2013
2.5,18.256504463504278,5.4907140537569274,1,18,2,6,2014
2.5,5.691858018407534,0.07629203369705258,1,20,7,6,2015
2.5,9.32500396956671,2.970100469879161,1,9,3,1,2012
2.5,16.98362141476907,6.057390040213409,1,17,5,6,2012
2.5,5.691858018407534,0.2540910433815334,1,19,6,8,2010
2.5,7.815834061880245,2.1072584631420317,1,7,5,9,2010
2.5,5.691858018407534,0.023237216837969955,1,1,5,9,2009
2.5,5.691858018407534,0.030642599966117852,1,3,1,4,2013
2.5,10.172633038931185,3.301271438761267,1,6,7,7,2009
2.5,5.691858018407534,0.04296255004628631,1,21,7,8,2009
2.5,13.457201925180561,5.124230379189022,1,23,1,7,2012
2.5,5.691858018407534,0.0410871563473693,1,0,3,10,2013
2.5,5.691858018407534,0.001586475916845091,1,13,7,8,2014
2.5,5.691858018407534,0.8322785623729031,1,0,5,5,2011
2.5,5.691858018407534,0.08185291110091177,1,21,1,5,2010
2.5,6.7013816630206104,1.7081692135194764,1,9,4,8,2010
2.5,5.691858018407534,0.02236285099159515,1,18,6,1,2009
2.5,5.691858018407534,0.09041371332556372,1,17,6,4,2014
2.5,28.19268968650622,10.496444992203074,1,8,7,4,2009
2.5,5.691858018407534,0.020304409130948255,1,18,1,8,2012
2.5,5.691858018407534,0.030403267182354192,1,8,1,11,2009
2.5,5.691858018407534,0.028330680677380773,1,19,1,5,2012
2.5,20.86762226715532,7.131349560207143,1,7,4,1,2013
2.5,5.691858018407534,0.021289949402399637,1,5,2,5,2014
2.5,27.232478314746245,8.076510372340948,1,5,4,1,2013
2.5,5.691858018407534,0.07666538828712566,1,5,1,1,2009
2.5,5.691858018407534,0.0058489079698929485,1,1,7,7,2011
2.5,5.691858018407534,0.0015322288835537422,1,1,1,1,2013
2.5,5.691858018407534,0.023778624281017756,1,18,1,8,2011
2.5,5.691858018407534,0.23397570365259773,1,14,7,2,2009
2.5,22.81359219434481,8.589669830454616,1,6,7,10,2009
2.5,5.691858018407534,0.008699728288507787,1,1,2,6,2015
2.5,5.691858018407534,0.007007051131900142,1,4,7,9,2014
2.5,5.691858018407534,0.006415162555058573,1,11,7,6,2009
2.5,48.26615086358812,21.56283030560083,1,21,2,11,2011
2.5,5.691858018407534,1.0096028634969425,1,22,5,8,2013
2.5,5.691858018407534,0.01832982861717392,1,20,1,11,2010
2.5,6.7013816630206104,1.5392987629802832,1,23,2,9,2012
2.5,5.691858018407534,1.1145547746471158,1,14,4,1,2010
2.5,5.691858018407534,7.889111809455415E-4,1,15,4,5,2009
2.5,5.691858018407534,8.483499650390192E-4,1,4,5,3,2015
2.5,5.691858018407534,0.0064307013839309144,1,14,3,7,2011
2.5,5.691858018407534,0.05500893382656141,1,12,6,9,2014
2.5,5.691858018407534,0.06232359179765912,1,12,6,11,2009
2.5,5.691858018407534,0.0524484756611507,1,23,7,11,2014
2.5,10.172633038931185,3.0451538583840216,1,18,4,2,2012
2.5,16.98362141476907,6.357375591503409,1,6,4,5,2010
2.5,5.691858018407534,0.14709144353631073,1,16,3,4,2015
2.5,5.691858018407534,0.33026750827033335,1,17,2,9,2013
2.5,5.691858018407534,0.06576792240900227,1,2,4,3,2015
2.5,5.691858018407534,0.017288001062490746,1,8,6,7,2009
2.5,5.691858018407534,0.08298408768564611,1,15,3,7,2012
2.5,5.691858018407534,0.01164238637140619,1,0,7,9,2011
2.5,5.691858018407534,0.026883187698122854,1,22,5,10,2009
2.5,5.691858018407534,0.043216126594208475,1,0,3,12,2014
2.5,5.691858018407534,0.0014842460926805224,1,18,6,1,2011
2.5,5.691858018407534,0.0024462883859504014,1,0,7,1,2011
2.5,5.691858018407534,3.366318116112897E-4,1,23,4,7,2009
2.5,5.691858018407534,0.012348361888642082,1,19,1,8,2010
2.5,5.691858018407534,1.3950389048118775E-4,1,22,2,4,2014
2.5,5.691858018407534,0.007030031731033795,1,17,6,11,2012
2.5,5.691858018407534,0.0030588716706334063,1,2,1,1,2012
2.5,5.691858018407534,1.3949845302128468E-4,1,19,2,3,2012
2.5,5.691858018407534,0.003141810611816411,1,16,5,1,2011
2.5,5.691858018407534,0.011131971409363303,1,22,1,10,2013
2.5,5.691858018407534,0.0018108249865293696,1,0,4,10,2014
2.5,5.691858018407534,6.973203916852353E-4,1,14,1,10,2009
2.5,5.691858018407534,6.129420675905045E-4,1,16,1,11,2012
2.5,5.691858018407534,0.08101215855991599,1,11,7,12,2011
2.5,5.691858018407534,1.3945256397762066E-4,1,3,7,4,2013
2.5,5.691858018407534,0.08055807028867373,1,22,7,10,2014
2.5,5.691858018407534,0.002281540762520977,1,22,7,6,2009
2.5,5.691858018407534,0.004424868753778657,1,0,3,12,2009
2.5,5.691858018407534,0.0037866327435985407,1,5,5,6,2013
2.5,5.691858018407534,0.0017338293832243328,1,16,1,9,2012
2.5,5.691858018407534,0.002092342188888991,1,20,6,12,2011
2.5,5.691858018407534,0.03359323615725457,1,14,4,12,2010
2.5,5.691858018407534,0.18684426930910064,1,7,1,6,2013
2.5,5.691858018407534,0.006480357418814331,1,3,3,6,2015
2.5,33.08200208353068,13.396466502028032,1,15,6,7,2012
2.5,19.447187499999927,8.412377634265697E-4,1,10,1,11,2014
2.5,5.691858018407534,2.526381502529864E-4,1,14,5,12,2010
2.5,5.691858018407534,0.12693566891110242,1,10,6,4,2009
2.5,5.691858018407534,0.0013471446192980878,1,18,6,3,2013
2.5,25.348344370860943,2.020578326619355E-4,1,17,7,2,2009
2.5,9.249407007095327,2.389616292247234,1,5,1,12,2014
2.5,25.348344370860943,7.783644874675977E-4,1,14,5,6,2011
2.5,25.348344370860943,6.436750676483004E-4,1,20,3,1,2015
2.5,25.348344370860943,0.005744014175131224,1,15,6,5,2015
2.5,25.348344370860943,0.005049094442023712,1,21,1,7,2010
2.5,25.348344370860943,0.03904764870096203,1,21,6,11,2009
2.5,25.348344370860943,0.14832875504747295,1,13,3,5,2011
2.5,48.26615086358812,21.30974602314704,1,2,5,12,2010
2.5,25.348344370860943,0.08689810462097433,1,6,6,2,2015
2.5,25.348344370860943,4.041714319639135E-4,1,12,1,10,2009
2.5,25.348344370860943,6.782609125242517E-4,1,12,3,11,2012
2.5,25.348344370860943,0.014256156827637978,1,2,2,3,2014
2.5,25.348344370860943,0.0017791188269816738,1,22,2,11,2010
2.5,25.348344370860943,0.02848646338441463,1,23,2,5,2011
2.5,48.26615086358812,22.08433495984562,1,15,4,11,2009
2.5,25.348344370860943,0.0012557494405909544,1,8,6,1,2013
2.5,25.348344370860943,0.4278192924747206,1,17,5,8,2009
2.5,25.348344370860943,8.725198440202593E-4,1,6,7,12,2009
2.5,25.348344370860943,8.483499657463422E-4,1,21,3,6,2015
2.5,25.348344370860943,0.020036591796992635,1,23,6,6,2009
2.5,25.348344370860943,0.06297448374762259,1,23,2,3,2009
2.5,25.348344370860943,0.218090966520914,1,7,5,3,2015
2.5,25.348344370860943,0.1266536640033916,1,10,2,9,2012
2.5,5.691858018407534,0.08060005088253465,2,10,1,9,2014
2.5,5.691858018407534,0.026130139577859517,2,14,6,2,2009
2.5,5.691858018407534,0.077029662396951,2,11,1,9,2014
2.5,5.691858018407534,0.02481081956532038,2,23,6,4,2009
2.5,5.691858018407534,0.029379974643808923,2,2,7,3,2010
2.5,5.691858018407534,0.06098170270839345,2,18,2,12,2013
2.5,5.691858018407534,0.035594959673248674,2,7,5,1,2013
2.5,5.691858018407534,0.06680587115194914,2,3,1,2,2009
2.5,5.691858018407534,0.27231879375165546,2,11,1,2,2015
2.5,5.691858018407534,0.1645834004991596,2,10,7,12,2014
2.5,5.691858018407534,4.1847763978668164E-4,2,2,6,11,2009
2.5,5.691858018407534,0.002244405452497936,2,0,7,8,2014
2.5,5.691858018407534,0.011309355975303508,2,19,1,12,2009
2.5,5.691858018407534,0.00899701333346777,2,5,5,5,2011
2.5,5.691858018407534,0.74405626515597,2,20,7,7,2009
2.5,5.691858018407534,0.05878225712036074,2,0,7,1,2011
2.5,5.691858018407534,0.006983069949114231,2,8,6,8,2014
2.5,5.691858018407534,0.022393176627064505,2,12,7,5,2011
2.5,5.691858018407534,0.041697637707481375,2,1,4,4,2013
2.5,19.447187499999927,0.0010083600744620264,2,16,1,4,2010
2.5,5.691858018407534,8.714242589437181E-4,3,20,5,3,2012
2.5,5.691858018407534,0.08916775632154948,3,3,3,9,2009
2.5,5.691858018407534,0.015439573923891456,3,16,4,7,2011
2.5,5.691858018407534,4.447797069222492E-4,3,0,5,6,2011
2.5,5.691858018407534,4.759917629257265E-4,4,0,7,11,2013
2.5,19.447187499999927,9.052287550284627E-4,5,12,7,5,2010
2.5,5.691858018407534,0.09734434144881654,5,15,3,6,2012
2.5,5.691858018407534,0.0020194691741259587,5,19,3,12,2013
2.5,5.691858018407534,0.11624923101002849,5,17,1,6,2015
2.5,5.691858018407534,0.005634723429614801,5,6,3,5,2010
2.5,5.691858018407534,0.0033454061074719237,5,4,6,10,2010
2.5,10.172633038931185,3.2125936344606907,5,23,7,9,2010
2.5,5.691858018407534,0.0029936318723503643,5,22,1,10,2012
2.5,5.691858018407534,0.034497174904384954,5,18,3,5,2013
2.5,5.691858018407534,0.09094155324336933,5,6,6,10,2009
2.5,5.691858018407534,0.0032370787614189192,5,5,5,3,2010
2.5,5.691858018407534,5.809082529943209E-4,5,1,5,8,2012
2.5,5.691858018407534,0.014927254294474532,5,9,7,2,2012
2.5,19.447187499999927,0.02486365473489596,5,7,7,2,2012
2.5,5.691858018407534,0.08854432164050906,5,13,1,1,2014
2.5,5.691858018407534,0.028959887815293413,5,7,1,5,2014
2.5,5.691858018407534,0.1780341123570603,5,0,3,6,2015
2.5,5.691858018407534,0.013144724101325665,5,22,2,4,2011
2.5,25.348344370860943,3.3358477983802537E-4,5,0,3,7,2009
2.5,25.348344370860943,5.583219407347976E-4,5,14,2,3,2012
2.5,5.691858018407534,0.21061186151945374,6,9,1,10,2010
2.5,5.691858018407534,0.004062249279953637,6,7,4,5,2015
2.5,5.691858018407534,0.23770621602457823,6,2,5,1,2015
2.9,5.691858018407534,0.30334065186526604,1,12,6,6,2010
2.9,5.691858018407534,0.22623761801288766,1,15,5,5,2011
2.9,5.691858018407534,0.1348821861658017,1,13,3,11,2010
2.9,5.691858018407534,0.31241455779123145,1,18,7,1,2009
2.9,5.691858018407534,0.45217173209368444,1,18,4,3,2009
2.9,5.691858018407534,0.49338737593179854,1,2,4,8,2010
2.9,5.691858018407534,0.2841325737835034,1,10,5,4,2010
2.9,5.691858018407534,0.1653608826603459,1,1,1,3,2009
2.9,42.8552838709676,19.482983425259736,1,14,2,10,2009
2.9,5.691858018407534,0.3478731450621154,1,16,6,7,2012
2.9,5.691858018407534,0.4212963681315464,1,6,4,5,2010
2.9,5.691858018407534,0.30031374709527253,1,18,7,10,2011
2.9,5.691858018407534,0.1916653277783109,1,5,1,6,2011
2.9,5.691858018407534,0.5026796397514776,1,17,6,7,2012
2.9,5.691858018407534,0.624845102692607,1,2,1,8,2010
2.9,5.691858018407534,0.2560880036167216,1,6,6,7,2009
2.9,5.691858018407534,0.16483617267173847,1,23,5,9,2011
2.9,5.691858018407534,0.5551840958159608,1,14,6,6,2012
2.9,5.691858018407534,0.2802509131089231,1,14,1,10,2010
2.9,5.691858018407534,0.26002015929186983,1,22,2,10,2011
2.9,5.691858018407534,0.3554806066098313,1,2,6,2,2012
2.9,5.691858018407534,0.3604665788618676,1,1,4,1,2012
2.9,5.691858018407534,0.4856972618859261,1,17,3,5,2010
2.9,5.691858018407534,0.32309377706186415,1,20,2,11,2010
2.9,5.691858018407534,0.2936667379124685,1,6,5,8,2010
2.9,5.691858018407534,0.3223887973181329,1,22,3,6,2012
2.9,5.691858018407534,0.4561352435067983,1,22,3,6,2012
2.9,5.691858018407534,0.42660135564850954,1,14,5,3,2012
2.9,5.691858018407534,0.49425923262981614,1,13,2,7,2011
2.9,5.691858018407534,0.517700124723509,1,15,4,6,2010
2.9,5.691858018407534,0.44523558060630486,1,6,4,11,2011
2.9,5.691858018407534,0.06157653510229541,1,17,3,10,2010
2.9,5.691858018407534,0.5442920259612644,1,2,4,7,2011
2.9,5.691858018407534,0.3963916682064841,1,3,7,8,2009
2.9,5.691858018407534,0.42427622032678364,1,23,6,4,2011
2.9,5.691858018407534,0.5595291366861403,1,0,7,8,2011
2.9,5.691858018407534,0.29257591988771076,1,21,7,10,2010
2.9,5.691858018407534,0.36900724864177126,1,19,4,6,2009
2.9,5.691858018407534,0.054793850822098054,1,22,7,11,2010
2.9,5.691858018407534,0.5528615553026908,1,21,3,7,2010
2.9,5.691858018407534,0.3861275900710467,1,10,5,3,2011
2.9,5.691858018407534,0.12689946570090682,1,11,7,3,2011
2.9,5.691858018407534,0.4859059763042817,1,21,7,3,2009
2.9,5.691858018407534,0.2816700116604009,1,23,2,6,2011
2.9,5.691858018407534,0.3013416382016502,1,20,6,8,2012
2.9,6.7013816630206104,1.720142781353261,1,4,1,7,2010
2.9,5.691858018407534,0.4412785768134733,1,8,7,4,2010
2.9,5.691858018407534,0.3165054328714922,1,6,2,3,2012
2.9,5.691858018407534,0.39136182820296067,1,23,2,2,2010
2.9,5.691858018407534,0.06411079749922943,1,15,5,7,2012
2.9,5.691858018407534,0.5637998556094949,1,6,6,10,2009
2.9,5.691858018407534,0.34766573200250345,1,8,1,1,2011
2.9,5.691858018407534,0.24481024132673018,1,9,1,8,2009
2.9,5.691858018407534,0.5061545691161996,1,21,6,6,2010
2.9,5.691858018407534,0.21560142056014894,1,1,4,4,2011
2.9,5.691858018407534,0.31066291455458966,1,7,1,7,2012
2.9,5.691858018407534,0.44584261625562793,1,10,7,11,2009
2.9,5.691858018407534,0.15524760193780604,1,6,1,7,2012
2.9,5.691858018407534,0.4135556186486349,1,3,6,2,2011
2.9,5.691858018407534,0.3784342252752036,1,9,7,12,2010
2.9,5.691858018407534,0.21408861079442681,1,23,6,12,2010
2.9,5.691858018407534,0.5090216700389804,1,17,3,1,2011
2.9,5.691858018407534,0.4844405568766001,1,9,3,6,2010
2.9,5.691858018407534,0.5346243378860995,1,20,7,6,2012
2.9,5.691858018407534,0.49259299954130686,1,9,7,11,2009
2.9,5.691858018407534,0.21956053502274717,1,19,4,2,2009
2.9,5.691858018407534,0.4061688831293581,1,0,1,2,2011
2.9,7.815834061880245,2.1358415357990843,1,5,1,9,2010
2.9,5.691858018407534,0.1347186425557148,1,19,5,5,2011
2.9,5.691858018407534,0.061771991499281864,1,8,7,3,2012
2.9,5.691858018407534,0.3542309353149325,1,8,5,9,2010
2.9,5.691858018407534,0.36836007894919087,1,14,7,7,2009
2.9,5.691858018407534,0.366952867754614,1,14,3,1,2011
2.9,5.691858018407534,0.3220116228677561,1,1,3,9,2009
2.9,5.691858018407534,0.5453702443025723,1,10,1,2,2009
2.9,5.691858018407534,0.26658581417217536,1,22,7,7,2011
2.9,5.691858018407534,0.5324624604251373,1,19,5,7,2011
2.9,5.691858018407534,0.48098980659109924,1,16,6,1,2009
2.9,5.691858018407534,0.3985963191833913,1,11,7,1,2010
2.9,5.691858018407534,0.39116529455675736,1,20,1,4,2010
2.9,5.691858018407534,0.2889792804511199,1,23,6,12,2009
2.9,5.691858018407534,0.17814569190627638,1,14,5,6,2009
2.9,5.691858018407534,0.27059972614814387,1,2,5,2,2010
2.9,5.691858018407534,0.24868973537090777,1,21,6,2,2009
2.9,5.691858018407534,0.4876304032091746,1,7,7,11,2010
2.9,5.691858018407534,0.42533234584973384,1,15,7,5,2012
2.9,5.691858018407534,0.33528648844045594,1,23,1,1,2009
2.9,5.691858018407534,0.3452831201207873,1,9,7,4,2012
2.9,5.691858018407534,0.3184448238543772,1,13,6,7,2009
2.9,5.691858018407534,0.1850172839040828,1,23,2,12,2011
2.9,5.691858018407534,0.3975870684317433,1,19,3,7,2011
2.9,5.691858018407534,0.6059377421352649,1,14,1,2,2009
2.9,5.691858018407534,0.3096818604160986,1,2,2,2,2011
2.9,5.691858018407534,0.5454161805027556,1,2,7,6,2010
2.9,5.691858018407534,0.37516676798834675,1,5,3,8,2010
2.9,5.691858018407534,0.5422429442906072,1,23,7,6,2009
2.9,5.691858018407534,0.16585937584691876,1,6,5,12,2010
2.9,5.691858018407534,0.2243415667890288,1,2,7,9,2011
2.9,5.691858018407534,0.147699294759907,1,21,7,7,2010
2.9,5.691858018407534,0.2672059639073207,1,1,6,4,2010
2.9,5.691858018407534,0.16993521942383216,1,13,5,8,2010
2.9,5.691858018407534,0.4474090259870844,1,23,6,1,2012
2.9,5.691858018407534,0.1422044591946434,1,16,4,2,2012
2.9,5.691858018407534,0.1438496404480888,1,14,3,1,2012
2.9,5.691858018407534,0.3607360082672159,1,18,6,4,2012
2.9,5.691858018407534,0.28662964361810594,1,0,1,5,2010
2.9,5.691858018407534,0.040156299889345125,1,21,5,3,2009
2.9,5.691858018407534,0.36096486678440015,1,1,1,8,2009
2.9,5.691858018407534,0.19700838000102822,1,2,1,8,2010
2.9,5.691858018407534,0.24483636828400993,1,19,6,3,2010
2.9,5.691858018407534,0.3079532651781925,1,1,6,12,2010
2.9,5.691858018407534,0.39413299770102245,1,15,4,12,2009
2.9,5.691858018407534,0.29653382210354756,1,8,1,1,2012
2.9,5.691858018407534,0.5614404597762658,1,21,4,12,2009
2.9,5.691858018407534,0.3323847373530212,1,18,3,3,2011
2.9,5.691858018407534,0.29751606699081073,1,21,2,4,2012
2.9,5.691858018407534,0.47498692679383947,1,0,3,6,2010
2.9,5.691858018407534,0.13078080482437654,1,20,6,7,2010
2.9,7.815834061880245,2.0010687686506214,1,15,2,8,2010
2.9,5.691858018407534,0.2526220235814656,1,16,6,4,2011
2.9,5.691858018407534,0.3903376519119833,1,1,4,2,2011
2.9,5.691858018407534,0.5762111059634367,1,0,7,1,2011
2.9,5.691858018407534,0.2899110066989028,1,11,6,4,2010
2.9,5.691858018407534,0.05804606927079613,1,21,4,6,2012
2.9,5.691858018407534,0.5717736066746614,1,20,7,4,2010
2.9,5.691858018407534,0.24371259950401858,1,5,6,10,2011
2.9,5.691858018407534,0.03838260849133753,1,5,7,4,2009
2.9,5.691858018407534,0.0672317091697716,1,20,1,4,2012
2.9,5.691858018407534,0.49741399926643143,1,3,6,11,2009
2.9,5.691858018407534,0.4551768595749692,1,3,6,7,2009
2.9,5.691858018407534,0.5075403377897374,1,16,4,7,2009
2.9,5.691858018407534,0.38881238911239746,1,4,4,7,2009
2.9,5.691858018407534,0.3533782237282514,1,21,4,2,2012
2.9,5.691858018407534,0.3534385045699265,1,20,5,6,2010
2.9,5.691858018407534,0.2958145817035097,1,23,4,8,2010
2.9,5.691858018407534,0.6188565222443735,1,1,6,8,2009
2.9,5.691858018407534,0.26753056250370916,1,11,7,7,2012
2.9,5.691858018407534,0.031254073643034945,1,8,6,10,2011
2.9,5.691858018407534,0.17227438723261035,1,19,4,1,2012
2.9,5.691858018407534,0.47471384889341584,1,21,5,8,2009
2.9,5.691858018407534,0.3466785489047282,1,17,6,6,2011
2.9,5.691858018407534,0.44725884096475055,1,17,6,12,2009
2.9,5.691858018407534,0.2452321570826492,1,13,5,7,2009
2.9,5.691858018407534,0.18411393731837516,1,2,3,6,2009
2.9,5.691858018407534,0.43377467107568907,1,1,6,11,2011
2.9,5.691858018407534,0.5704565894066644,1,11,6,3,2012
2.9,5.691858018407534,0.4305520421504799,1,23,2,10,2010
2.9,5.691858018407534,0.4330338437843156,1,13,7,6,2009
2.9,5.691858018407534,1.6844310343275796E-4,1,23,1,10,2009
2.9,5.691858018407534,0.286937954801381,1,20,4,11,2010
2.9,5.691858018407534,0.3066725561045743,1,1,3,5,2011
2.9,5.691858018407534,0.1158980026281497,1,9,1,5,2009
2.9,25.348344370860943,0.11500065027838506,1,3,7,1,2010
2.9,5.691858018407534,0.5249584360328597,2,17,3,10,2011
2.9,5.691858018407534,0.49815852298631647,2,13,3,2,2010
2.9,5.691858018407534,0.3051821116018451,2,4,1,11,2010
2.9,5.691858018407534,0.006921724931106354,2,19,2,6,2009
2.9,5.691858018407534,0.27911425779327215,2,11,1,5,2009
2.9,5.691858018407534,0.5174278782788254,2,0,3,7,2012
2.9,5.691858018407534,0.38743500077796417,2,6,6,9,2009
2.9,5.691858018407534,0.4540664271488403,2,21,5,11,2010
2.9,5.691858018407534,0.10688578243499144,2,6,1,7,2012
2.9,5.691858018407534,0.09455948309977351,2,2,1,3,2009
2.9,5.691858018407534,0.4305696863037009,2,19,7,2,2011
2.9,5.691858018407534,0.22555263028853376,2,9,4,2,2012
2.9,5.691858018407534,0.32646785057873523,2,20,3,6,2011
2.9,5.691858018407534,0.44351724536168863,2,22,4,9,2009
2.9,5.691858018407534,0.4078975647619403,2,17,3,1,2011
2.9,5.691858018407534,0.42121841181049463,2,17,7,1,2011
2.9,5.691858018407534,0.22235596190033236,2,6,1,6,2009
2.9,5.691858018407534,0.23886429287128183,2,16,5,11,2010
2.9,5.691858018407534,0.3040215568815899,2,11,1,3,2010
2.9,5.691858018407534,0.32098307920950975,2,13,5,11,2009
2.9,5.691858018407534,0.3786280694663254,2,17,3,2,2009
2.9,5.691858018407534,0.3251626410113637,2,1,6,11,2010
2.9,5.691858018407534,0.37526095687043115,2,21,6,7,2010
2.9,5.691858018407534,0.37282469289803255,2,10,3,4,2012
2.9,5.691858018407534,0.42126021402865005,2,19,1,4,2012
2.9,5.691858018407534,0.4861669233896565,2,18,3,7,2009
2.9,5.691858018407534,0.4019956211330919,2,7,7,2,2010
2.9,5.691858018407534,0.04533608262123194,2,23,6,5,2009
2.9,5.691858018407534,0.4693194118399231,2,2,6,3,2012
2.9,5.691858018407534,0.40612429728295935,2,23,2,11,2009
2.9,5.691858018407534,0.08830740530413979,2,5,5,5,2011
2.9,5.691858018407534,0.38351498192458294,2,6,4,7,2010
2.9,5.691858018407534,0.4412255185415598,2,14,2,12,2010
2.9,5.691858018407534,0.48596913906774303,2,19,7,2,2011
2.9,5.691858018407534,0.32188331401074,2,17,4,1,2009
2.9,5.691858018407534,0.2564590431191393,3,7,1,6,2009
2.9,5.691858018407534,0.19727152614540588,3,4,5,7,2010
2.9,5.691858018407534,0.08147149110182426,3,2,7,4,2011
2.9,5.691858018407534,0.2923116201632955,3,3,5,4,2010
2.9,5.691858018407534,0.0362703515253757,3,22,1,10,2011
2.9,5.691858018407534,0.2543500984095998,4,21,3,11,2011
2.9,5.691858018407534,0.4730692122687631,4,9,1,7,2010
2.9,5.691858018407534,0.5197185715631953,4,23,1,5,2011
2.9,5.691858018407534,0.5373818364872908,4,23,7,7,2010
2.9,5.691858018407534,0.2914803086892763,4,16,5,5,2010
2.9,5.691858018407534,0.03398382482677963,5,21,7,12,2011
2.9,5.691858018407534,0.40274930568061296,5,9,3,9,2010
2.9,5.691858018407534,0.4646927064113515,5,13,5,12,2009
2.9,5.691858018407534,0.45856564870075667,5,6,4,8,2011
2.9,5.691858018407534,0.28199384440043657,5,5,4,9,2011
2.9,5.691858018407534,0.13001148089742778,5,0,3,3,2011
2.9,5.691858018407534,0.2383049661259768,5,6,7,3,2009
2.9,5.691858018407534,0.2937271731733294,5,18,1,7,2009
2.9,5.691858018407534,0.3754449514777457,5,1,7,9,2011
2.9,5.691858018407534,0.24200026129440186,5,16,7,12,2011
2.9,5.691858018407534,0.4411614056199552,5,15,5,8,2011
2.9,5.691858018407534,0.4166353074451288,5,20,7,11,2009
2.9,5.691858018407534,0.4201131984420863,5,9,6,2,2009
2.9,5.691858018407534,0.21716244439563076,5,17,6,1,2012
2.9,5.691858018407534,0.1152114152337276,5,13,3,2,2012
2.9,5.691858018407534,0.21377061017778523,5,6,7,3,2011
2.9,5.691858018407534,0.4199157513322334,5,1,3,4,2010
2.9,5.691858018407534,0.10909976767992563,5,0,5,10,2009
3.0,5.691858018407534,0.20827787096675557,1,21,7,11,2014
3.0,5.691858018407534,0.301280080392265,1,3,2,2,2013
3.0,5.691858018407534,0.23980721146162262,1,20,4,3,2013
3.0,5.691858018407534,0.1718101144227288,1,4,1,9,2012
3.0,5.691858018407534,0.851289297982637,1,19,5,1,2015
3.0,5.691858018407534,0.17839898908072105,1,15,4,1,2014
3.0,15.445341150056151,4.461827317539715,1,4,7,11,2014
3.0,5.691858018407534,0.2083581312346849,1,17,5,2,2013
3.0,5.691858018407534,0.19275591769793532,1,6,1,10,2012
3.0,5.691858018407534,0.17085740882761863,1,7,7,3,2013
3.0,5.691858018407534,0.5650162382364792,1,21,5,3,2015
3.0,5.691858018407534,0.15608996308815898,1,4,5,4,2014
3.0,5.691858018407534,0.055510736765181035,1,5,6,6,2013
3.0,5.691858018407534,0.2099706479244897,1,10,4,9,2013
3.0,5.691858018407534,0.009567378452881616,1,8,7,1,2009
3.0,5.691858018407534,0.05543332979929645,1,7,7,12,2012
3.0,16.98362141476907,7.446052498441802,1,9,3,12,2012
3.0,5.691858018407534,0.43987143070374296,1,2,7,12,2013
3.0,5.691858018407534,0.3714565759241649,1,19,7,12,2013
3.0,5.691858018407534,0.311883245614373,1,20,6,5,2015
3.0,5.691858018407534,0.25272365779455974,1,11,7,9,2014
3.0,5.691858018407534,0.20079954499629507,1,1,3,6,2015
3.0,5.691858018407534,0.4480382392418112,1,2,2,10,2014
3.0,5.691858018407534,0.02638001096774946,1,2,4,2,2015
3.0,5.691858018407534,0.37109782086430176,1,7,5,5,2013
3.0,5.691858018407534,0.08520619975102837,1,18,2,10,2012
3.0,5.691858018407534,0.46974425150735516,1,22,6,5,2013
3.0,5.691858018407534,0.3819693298343249,1,18,7,10,2013
3.0,5.691858018407534,0.3451790540843505,1,2,6,9,2013
3.0,5.691858018407534,0.2470402655334884,1,19,3,4,2015
3.0,5.691858018407534,0.5513275711423641,1,3,1,6,2014
3.0,5.691858018407534,0.14737993032271615,1,17,6,11,2012
3.0,5.691858018407534,0.39071116453275134,1,5,5,11,2012
3.0,5.691858018407534,0.04095437881595078,1,19,3,5,2013
3.0,5.691858018407534,0.36858868768289266,1,19,6,5,2015
3.0,5.691858018407534,0.3356880351263963,1,22,4,6,2013
3.0,5.691858018407534,0.293808644858788,1,7,5,11,2014
3.0,5.691858018407534,0.26369189060890846,1,23,7,1,2014
3.0,5.691858018407534,0.2366773872404983,1,15,5,12,2014
3.0,5.691858018407534,0.25010407201078366,1,21,5,5,2015
3.0,5.691858018407534,0.42477765150204816,1,9,7,7,2014
3.0,5.691858018407534,0.1728756562070193,1,2,6,6,2013
3.0,5.691858018407534,0.023085703394144806,1,5,7,1,2009
3.0,5.691858018407534,0.349809235502348,1,1,4,8,2013
3.0,5.691858018407534,0.38306429758110155,1,4,6,2,2013
3.0,5.691858018407534,0.39351484205309184,1,19,7,9,2014
3.0,5.691858018407534,0.33135893147391626,1,9,7,4,2014
3.0,5.691858018407534,0.49389574144904846,1,17,2,10,2013
3.0,5.691858018407534,0.3833315218840487,1,3,5,10,2013
3.0,5.691858018407534,0.5450236284751427,1,3,1,7,2013
3.0,5.691858018407534,0.20666583302716715,1,10,7,8,2014
3.0,5.691858018407534,0.3567642492843296,1,13,7,6,2015
3.0,5.691858018407534,0.6260344456092606,1,12,4,1,2014
3.0,5.691858018407534,0.21040286267353694,1,9,1,12,2013
3.0,5.691858018407534,0.2928040253273209,1,1,3,7,2014
3.0,5.691858018407534,0.3046537591246862,1,5,1,3,2015
3.0,5.691858018407534,0.272456981447975,1,23,6,3,2015
3.0,5.691858018407534,0.2888301674846608,1,5,2,3,2015
3.0,5.691858018407534,0.23656803747681923,1,21,5,9,2014
3.0,5.691858018407534,0.43314922457387617,1,20,2,7,2014
3.0,5.691858018407534,0.43210810336989736,1,4,4,2,2014
3.0,5.691858018407534,0.08821192092958523,1,5,1,3,2015
3.0,5.691858018407534,0.42525763114590304,1,8,7,4,2015
3.0,5.691858018407534,0.18351151133860147,1,6,1,5,2015
3.0,5.691858018407534,0.3551083467549847,1,3,1,1,2013
3.0,5.691858018407534,0.4003619914542256,1,2,7,6,2013
3.0,5.691858018407534,0.34292782475216194,1,3,7,8,2013
3.0,5.691858018407534,0.29543575167392705,1,6,4,10,2014
3.0,5.691858018407534,0.25465232761358014,1,16,5,12,2014
3.0,5.691858018407534,0.3750376453591641,1,23,3,3,2014
3.0,5.691858018407534,0.3714461728897188,1,22,6,5,2013
3.0,5.691858018407534,0.031303954373937695,1,20,1,4,2014
3.0,5.691858018407534,0.018339820197685507,1,3,7,2,2009
3.0,5.691858018407534,0.4853890209795653,1,17,7,12,2014
3.0,5.691858018407534,0.24987819576434628,1,17,2,3,2013
3.0,5.691858018407534,0.24207852665489515,1,2,4,11,2012
3.0,5.691858018407534,0.26909619680182045,1,15,1,10,2012
3.0,5.691858018407534,0.4273206547493865,1,17,5,7,2013
3.0,5.691858018407534,0.35059456529180283,1,6,1,8,2013
3.0,5.691858018407534,0.5177055090234092,1,7,5,6,2013
3.0,5.691858018407534,0.4225850373468172,1,21,6,1,2013
3.0,5.691858018407534,0.538634247354616,1,2,4,1,2014
3.0,5.691858018407534,0.09844439116723624,1,10,6,11,2014
3.0,5.691858018407534,0.5117730341286171,1,16,5,3,2015
3.0,5.691858018407534,0.32153210263911397,1,19,7,11,2012
3.0,5.691858018407534,0.34624044616380845,1,14,5,9,2012
3.0,5.691858018407534,0.12637106003109164,1,20,6,4,2014
3.0,5.691858018407534,0.4274444411602339,1,0,7,2,2015
3.0,5.691858018407534,0.37261065642112345,1,20,5,5,2014
3.0,5.691858018407534,0.29315570548077174,1,6,1,5,2014
3.0,5.691858018407534,0.28832447740494976,1,18,6,7,2014
3.0,5.691858018407534,0.2503780917419082,1,3,3,6,2013
3.0,5.691858018407534,0.19911889021716123,1,16,2,2,2014
3.0,5.691858018407534,0.2694065631812274,1,16,4,1,2014
3.0,5.691858018407534,0.4195058226430861,1,15,2,1,2013
3.0,5.691858018407534,0.21015577577594596,1,21,4,1,2013
3.0,5.691858018407534,0.15930082298286954,1,2,5,10,2014
3.0,5.691858018407534,0.298995722378961,1,2,4,11,2014
3.0,5.691858018407534,0.25259691214547025,1,15,6,2,2013
3.0,5.691858018407534,0.14494831143189124,1,18,5,4,2015
3.0,5.691858018407534,0.2991665431491263,1,1,7,1,2013
3.0,5.691858018407534,0.3121184802604993,1,14,2,6,2013
3.0,5.691858018407534,0.46007262534620336,1,2,1,11,2012
3.0,5.691858018407534,0.11664466313444685,1,22,6,3,2014
3.0,5.691858018407534,0.28942842740850583,1,16,1,4,2014
3.0,5.691858018407534,0.2238223040545504,1,8,3,1,2013
3.0,5.691858018407534,0.46079638077372786,1,20,7,2,2013
3.0,5.691858018407534,0.31362512838313034,1,17,4,6,2015
3.0,5.691858018407534,0.4121752585599989,1,20,3,7,2013
3.0,5.691858018407534,0.46315807075874005,1,8,6,1,2015
3.0,5.691858018407534,0.5803192505590486,1,1,2,5,2015
3.0,5.691858018407534,0.5850989658762916,1,11,3,4,2013
3.0,5.691858018407534,0.2216500785388994,1,4,1,4,2015
3.0,5.691858018407534,0.18877196689377085,1,0,7,5,2013
3.0,5.691858018407534,0.36257126251685895,1,18,3,9,2013
3.0,5.691858018407534,0.3465013822194426,1,14,3,1,2014
3.0,5.691858018407534,0.40430097872236787,1,17,6,11,2013
3.0,5.691858018407534,0.32225555855926974,1,0,2,12,2014
3.0,5.691858018407534,0.41613844538957045,1,6,1,1,2013
3.0,5.691858018407534,0.19472069742011866,1,15,6,6,2015
3.0,5.691858018407534,0.020378427998995082,1,0,5,6,2014
3.0,5.691858018407534,0.5101348162624064,1,12,5,3,2015
3.0,5.691858018407534,0.036940289810189854,1,21,4,12,2012
3.0,5.691858018407534,0.34134279378237775,1,16,7,1,2015
3.0,5.691858018407534,0.032263575703265455,1,17,7,5,2014
3.0,5.691858018407534,0.25044785449902485,1,23,7,2,2015
3.0,5.691858018407534,0.5573305716644964,1,7,5,9,2012
3.0,5.691858018407534,0.030566520122719598,1,1,7,8,2013
3.0,5.691858018407534,0.18576948439227361,1,19,2,7,2013
3.0,5.691858018407534,0.007005428933855573,1,13,3,10,2014
3.0,19.447187499999927,0.4541119303952811,1,12,7,12,2014
3.0,5.691858018407534,0.012940747080226885,1,22,7,8,2014
3.0,5.691858018407534,0.12927958151547667,1,19,6,9,2013
3.0,33.08200208353068,13.35176964626437,1,6,6,1,2009
3.0,5.691858018407534,0.039906105310870264,1,7,4,11,2012
3.0,5.691858018407534,0.27735259215329783,2,8,7,1,2013
3.0,5.691858018407534,0.3039917393167382,2,18,3,2,2015
3.0,5.691858018407534,0.30835166827760696,2,3,6,3,2013
3.0,5.691858018407534,0.3962154933069859,2,8,5,2,2013
3.0,5.691858018407534,0.2146839143064526,2,7,6,7,2014
3.0,5.691858018407534,0.3192740799974935,2,2,3,10,2012
3.0,5.691858018407534,0.29080681434733363,2,9,6,1,2014
3.0,5.691858018407534,0.3798452513626141,2,22,5,12,2013
3.0,5.691858018407534,0.4026044397850466,2,3,2,12,2014
3.0,5.691858018407534,0.49597688522964334,2,2,1,4,2013
3.0,5.691858018407534,0.32247100838587006,2,2,6,3,2015
3.0,5.691858018407534,0.26627985393276277,2,15,3,8,2014
3.0,5.691858018407534,0.33107115372724677,2,5,2,12,2013
3.0,5.691858018407534,0.4967296487136689,2,6,7,1,2014
3.0,5.691858018407534,0.477283812591124,2,5,6,11,2013
3.0,5.691858018407534,0.31810111079236414,2,16,5,7,2014
3.0,5.691858018407534,0.4071198818200026,2,12,1,5,2013
3.0,5.691858018407534,0.3309148592324088,2,21,7,3,2014
3.0,5.691858018407534,0.4320523148939411,2,0,1,3,2014
3.0,5.691858018407534,0.44515787632529463,2,22,5,2,2013
3.0,5.691858018407534,0.3773820716641403,2,0,2,3,2013
3.0,5.691858018407534,0.12079126822763031,2,18,1,3,2014
3.0,5.691858018407534,0.003666096591517131,2,17,4,11,2012
3.0,5.691858018407534,0.5024671546848283,3,20,3,9,2014
3.0,5.691858018407534,0.46933326294325517,3,7,6,2,2013
3.0,5.691858018407534,0.2643358259871415,3,0,6,11,2012
3.0,5.691858018407534,0.356397350836519,3,3,1,2,2014
3.0,5.691858018407534,0.49051361009027655,3,1,4,6,2015
3.0,5.691858018407534,0.19156897576762882,3,6,7,1,2015
3.0,5.691858018407534,0.4994734954336525,3,18,7,6,2013
3.0,5.691858018407534,0.2923277777060059,3,5,6,6,2014
3.0,5.691858018407534,0.008644363455708,4,8,7,4,2013
3.0,5.691858018407534,0.015156756785421648,4,16,5,7,2014
3.0,25.348344370860943,0.18176299768044,4,6,2,3,2009
3.0,5.691858018407534,0.3403984813175055,5,8,1,5,2013
3.0,5.691858018407534,0.4770681425060926,5,4,2,2,2013
3.0,5.691858018407534,0.25077244046452457,5,10,1,10,2012
3.0,5.691858018407534,0.4542954550811114,5,17,7,10,2012
3.0,5.691858018407534,0.25184223667391126,5,11,3,6,2013
3.0,5.691858018407534,0.4001936727544593,5,7,1,2,2013
3.0,5.691858018407534,0.2742982411783826,5,20,3,10,2013
3.0,5.691858018407534,0.2627869854396885,5,17,4,12,2014
3.0,5.691858018407534,0.3420322038065198,5,22,2,10,2012
3.0,5.691858018407534,0.29964880274964223,6,4,3,5,2014
3.0,5.691858018407534,0.20427536186998918,6,20,6,9,2014
3.3,19.447187499999927,0.002892287478700336,1,17,5,3,2011
3.3,5.691858018407534,0.7762435815789097,1,0,2,5,2010
3.3,5.691858018407534,0.5064747428075547,1,7,4,6,2011
3.3,5.691858018407534,0.3405617898835593,1,18,5,1,2011
3.3,5.691858018407534,0.5718169610261667,1,16,4,3,2011
3.3,5.691858018407534,0.46857465450885505,1,21,3,7,2011
3.3,5.691858018407534,0.6428218984374411,1,13,3,11,2009
3.3,16.98362141476907,7.87403282820129,1,19,6,9,2009
3.3,5.691858018407534,0.4646829607742514,1,16,5,5,2011
3.3,5.691858018407534,0.8683783916541395,1,6,5,6,2010
3.3,5.691858018407534,0.3401807787528338,1,1,7,9,2009
3.3,5.691858018407534,0.7273011073092287,1,11,7,3,2011
3.3,5.691858018407534,0.02825135738185164,1,4,3,1,2009
3.3,5.691858018407534,0.7310416656583943,1,15,5,12,2009
3.3,21.62468497008096,10.479350531844062,1,7,2,9,2010
3.3,5.691858018407534,0.4000104059475281,1,12,4,2,2009
3.3,5.691858018407534,0.04929846317115822,1,15,3,7,2009
3.3,5.691858018407534,0.769898308352941,1,15,5,4,2010
3.3,5.691858018407534,0.13726977735909648,1,6,1,5,2012
3.3,5.691858018407534,0.7721395886159192,1,20,3,4,2009
3.3,5.691858018407534,0.047264295737946625,1,11,1,1,2012
3.3,5.691858018407534,0.2524780872443111,1,22,3,5,2012
3.3,5.691858018407534,0.739540757125848,1,19,5,6,2012
3.3,5.691858018407534,0.422610515574961,1,0,4,2,2011
3.3,5.691858018407534,0.2729403942572991,1,8,5,12,2009
3.3,5.691858018407534,0.5556392952188078,1,4,5,5,2009
3.3,5.691858018407534,0.746579517227278,1,2,5,3,2011
3.3,5.691858018407534,0.4305489442680521,1,18,5,11,2011
3.3,5.691858018407534,0.7871921855067907,1,19,7,7,2011
3.3,5.691858018407534,0.7744288331297992,1,3,7,3,2011
3.3,5.691858018407534,0.2703368656849731,1,2,7,9,2010
3.3,5.691858018407534,0.13635412103062403,1,5,1,11,2011
3.3,5.691858018407534,0.32385714746060706,1,22,1,7,2009
3.3,5.691858018407534,0.4117889876139903,1,20,3,11,2010
3.3,5.691858018407534,0.38734594533415184,1,23,5,10,2009
3.3,5.691858018407534,0.4920438697046325,1,5,3,5,2011
3.3,5.691858018407534,0.5605604575105275,1,20,2,6,2012
3.3,5.691858018407534,0.7034793598358389,1,22,6,7,2011
3.3,5.691858018407534,0.4249978982162213,1,4,4,5,2011
3.3,5.691858018407534,0.9939402270814995,1,16,5,5,2009
3.3,5.691858018407534,0.52174890960124,1,4,4,5,2009
3.3,5.691858018407534,0.5987369717180476,1,2,4,2,2012
3.3,5.691858018407534,0.016922639190542918,1,5,4,11,2010
3.3,5.691858018407534,0.7505769380797022,1,6,6,9,2011
3.3,5.691858018407534,0.48499310662032596,1,22,1,12,2011
3.3,5.691858018407534,0.050012924906818614,1,8,7,5,2012
3.3,5.691858018407534,0.5478498010442069,1,19,6,12,2009
3.3,5.691858018407534,0.7214247788940545,1,23,7,6,2010
3.3,5.691858018407534,0.7369691095656341,1,13,4,9,2011
3.3,5.691858018407534,0.5690618362019125,1,1,3,5,2009
3.3,5.691858018407534,0.41545464036331486,1,21,7,8,2012
3.3,5.691858018407534,0.35690154151782005,1,12,5,11,2010
3.3,5.691858018407534,0.35759066546997537,1,5,6,11,2009
3.3,5.691858018407534,0.45858654271057014,1,20,1,6,2010
3.3,5.691858018407534,0.6018565258657709,1,23,1,2,2012
3.3,5.691858018407534,0.23450279280168188,1,1,2,4,2009
3.3,5.691858018407534,0.3388164090380426,1,23,5,9,2011
3.3,5.691858018407534,0.7533684073816309,1,0,3,8,2009
3.3,5.691858018407534,0.8216497906950097,1,2,6,8,2012
3.3,5.691858018407534,0.7504181952875575,1,4,3,8,2011
3.3,5.691858018407534,0.5618791107289509,1,19,3,4,2012
3.3,5.691858018407534,0.5913743141235276,1,19,4,5,2012
3.3,5.691858018407534,0.633613707458451,1,7,2,6,2011
3.3,5.691858018407534,0.8305734130845349,1,21,2,10,2010
3.3,5.691858018407534,0.8206525123068802,1,2,7,11,2009
3.3,5.691858018407534,0.6730643141114718,1,4,5,11,2011
3.3,5.691858018407534,0.8437405314132298,1,23,4,2,2010
3.3,5.691858018407534,0.5411247733154809,1,0,3,5,2009
3.3,5.691858018407534,0.6255637987988039,1,17,7,7,2010
3.3,5.691858018407534,0.6474895959375762,1,7,1,7,2010
3.3,5.691858018407534,0.38532812043032366,1,10,2,3,2012
3.3,5.691858018407534,0.6065134271627923,1,21,2,3,2012
3.3,5.691858018407534,0.6731002695332616,1,13,2,5,2010
3.3,5.691858018407534,0.4680821875494271,1,3,6,10,2011
3.3,5.691858018407534,0.734499563521671,1,0,6,8,2010
3.3,5.691858018407534,0.4985141994709515,1,19,7,10,2009
3.3,5.691858018407534,0.6234160775743993,1,3,4,5,2011
3.3,5.691858018407534,0.4809107887245721,1,13,6,1,2012
3.3,5.691858018407534,0.7826886594881256,1,7,3,12,2011
3.3,5.691858018407534,0.5758570538543424,1,6,1,6,2012
3.3,5.691858018407534,0.3675447079205814,1,3,5,3,2011
3.3,5.691858018407534,0.41569887867296573,1,19,5,10,2010
3.3,5.691858018407534,0.8216182064158868,1,17,7,3,2010
3.3,5.691858018407534,0.20955847926753748,1,5,5,12,2011
3.3,5.691858018407534,0.7846798783589908,1,6,4,6,2011
3.3,5.691858018407534,0.48347826919969544,1,15,1,6,2009
3.3,5.691858018407534,0.5774356473372397,1,21,2,2,2012
3.3,5.691858018407534,0.39485517397509606,1,16,7,2,2012
3.3,5.691858018407534,0.5687306121488057,1,1,4,10,2011
3.3,5.691858018407534,0.8548253089238226,1,18,4,10,2011
3.3,21.62468497008096,10.967443012029197,1,5,6,8,2010
3.3,5.691858018407534,0.3860059642268778,1,17,6,1,2009
3.3,5.691858018407534,0.4659431213323884,1,15,4,4,2010
3.3,5.691858018407534,0.6065394257773492,1,23,1,4,2009
3.3,5.691858018407534,0.8960767524424088,1,22,3,8,2010
3.3,5.691858018407534,0.5754272878756544,1,4,4,9,2011
3.3,5.691858018407534,0.4593997267346195,1,21,1,1,2010
3.3,5.691858018407534,0.6401748895882129,1,1,7,8,2011
3.3,5.691858018407534,0.5435905795499404,1,10,5,5,2009
3.3,5.691858018407534,0.8158061648699538,1,17,4,12,2010
3.3,5.691858018407534,0.6162278210739996,1,16,5,3,2012
3.3,5.691858018407534,0.7489181930965408,1,23,2,5,2010
3.3,5.691858018407534,0.15698051415973924,1,20,3,6,2010
3.3,5.691858018407534,0.4211228086488756,1,16,3,10,2009
3.3,5.691858018407534,0.6010712782059482,1,15,3,2,2011
3.3,5.691858018407534,0.5246828581273261,1,17,4,7,2012
3.3,5.691858018407534,0.4988857545503959,1,8,3,9,2009
3.3,5.691858018407534,0.6551237927040996,1,19,3,2,2010
3.3,5.691858018407534,0.7292521809708211,1,6,7,4,2009
3.3,5.691858018407534,0.2280342762480134,1,13,6,6,2009
3.3,5.691858018407534,0.4118025077469512,1,23,2,1,2011
3.3,5.691858018407534,0.4024863632482516,1,3,1,4,2011
3.3,5.691858018407534,0.45313691942422957,1,20,1,11,2010
3.3,5.691858018407534,0.6794687957317547,1,23,1,1,2010
3.3,6.7013816630206104,1.8605648851173158,1,17,3,4,2010
3.3,5.691858018407534,0.8254492997138159,1,16,6,6,2012
3.3,5.691858018407534,0.5974906874312992,1,6,5,3,2011
3.3,5.691858018407534,0.5891469365559039,1,6,5,10,2009
3.3,5.691858018407534,0.5468045175960544,1,6,1,6,2009
3.3,5.691858018407534,0.771865148947951,1,5,1,10,2009
3.3,5.691858018407534,0.5861330577333397,1,1,2,6,2010
3.3,5.691858018407534,0.7289458274819567,1,19,7,7,2010
3.3,5.691858018407534,0.4093168245313544,1,10,5,7,2009
3.3,5.691858018407534,0.6013120212406194,1,13,5,7,2009
3.3,5.691858018407534,0.6697546192382128,1,16,2,11,2010
3.3,5.691858018407534,0.40706074770584744,1,16,7,6,2011
3.3,5.691858018407534,0.6301123466450697,1,13,4,8,2009
3.3,5.691858018407534,0.4258207963896006,1,23,1,3,2009
3.3,5.691858018407534,0.7406790534287419,1,0,2,3,2011
3.3,5.691858018407534,0.32122191627383045,1,7,2,1,2011
3.3,5.691858018407534,0.4447941015381224,1,20,7,11,2010
3.3,5.691858018407534,0.5871894061127023,1,1,4,11,2010
3.3,5.691858018407534,0.667101380360396,1,15,6,10,2009
3.3,5.691858018407534,0.5843495696919956,1,3,3,3,2011
3.3,5.691858018407534,0.06471648968623565,1,16,4,5,2012
3.3,5.691858018407534,0.2848315108831325,1,22,2,8,2009
3.3,5.691858018407534,0.5908881372869811,1,17,6,3,2010
3.3,5.691858018407534,0.25732029985039967,1,12,1,12,2011
3.3,5.691858018407534,0.6416825580655343,1,1,3,5,2009
3.3,5.691858018407534,0.7702588605934413,1,20,5,11,2009
3.3,5.691858018407534,0.7884316689502534,1,17,7,7,2010
3.3,5.691858018407534,0.32755439194609715,1,9,7,2,2011
3.3,5.691858018407534,0.4541098493421613,1,3,6,9,2011
3.3,5.691858018407534,0.5226044588293782,1,15,5,9,2011
3.3,5.691858018407534,0.8505191514734278,1,20,6,9,2010
3.3,5.691858018407534,0.611296606069057,1,5,1,6,2011
3.3,5.691858018407534,0.5424133318630772,1,2,4,10,2010
3.3,5.691858018407534,0.6181754443546214,1,21,1,3,2012
3.3,5.691858018407534,0.4476865455279858,1,6,1,8,2009
3.3,5.691858018407534,0.6590715315583816,1,15,1,10,2009
3.3,5.691858018407534,0.11974177135364013,1,21,4,3,2011
3.3,5.691858018407534,0.5643975556305796,1,15,4,3,2009
3.3,5.691858018407534,0.5271221954264316,1,13,4,10,2009
3.3,5.691858018407534,0.5500322311633682,1,18,3,10,2010
3.3,5.691858018407534,0.5954730895793949,1,15,6,1,2012
3.3,5.691858018407534,0.6068807138589641,1,5,5,12,2009
3.3,5.691858018407534,0.28360710277642365,1,7,3,12,2009
3.3,5.691858018407534,0.39638208056848734,1,8,1,2,2009
3.3,5.691858018407534,0.9113728134455268,1,15,5,4,2012
3.3,5.691858018407534,0.477575981910402,1,15,5,5,2010
3.3,5.691858018407534,0.6482012412894103,1,15,2,6,2012
3.3,5.691858018407534,0.460633696938433,1,11,7,5,2010
3.3,5.691858018407534,0.8240563152436947,1,16,4,4,2011
3.3,5.691858018407534,0.5353478138993666,1,22,4,12,2010
3.3,5.691858018407534,0.5272047458581052,1,21,5,6,2012
3.3,5.691858018407534,0.5982392292082631,1,0,6,8,2011
3.3,5.691858018407534,0.4751997065127155,1,1,4,12,2009
3.3,5.691858018407534,0.3413653491753693,1,17,5,7,2009
3.3,5.691858018407534,0.7416940320432618,1,6,2,8,2009
3.3,5.691858018407534,0.447594328400158,1,9,6,5,2009
3.3,5.691858018407534,0.7704573144199568,1,18,6,2,2009
3.3,5.691858018407534,0.645017049019713,1,17,4,11,2010
3.3,5.691858018407534,0.5752148192658665,1,19,5,9,2010
3.3,5.691858018407534,0.880304581249238,1,20,5,2,2010
3.3,5.691858018407534,0.6638977705437082,1,0,6,9,2009
3.3,5.691858018407534,0.5576324325428493,1,8,7,8,2012
3.3,5.691858018407534,0.22852848985194923,1,4,6,8,2010
3.3,5.691858018407534,0.5187807663977247,1,3,3,11,2010
3.3,5.691858018407534,0.3872220575811406,1,7,5,7,2010
3.3,5.691858018407534,0.4987907280978555,1,19,5,9,2011
3.3,5.691858018407534,0.3560714407568941,1,18,3,9,2010
3.3,5.691858018407534,0.401388458893199,1,22,4,8,2012
3.3,5.691858018407534,0.4472710894479815,1,9,7,12,2010
3.3,5.691858018407534,0.6416915019487998,1,3,1,10,2009
3.3,5.691858018407534,0.5769846284784937,1,2,4,3,2010
3.3,5.691858018407534,0.6304301758567734,1,17,7,4,2010
3.3,5.691858018407534,0.8803845499002878,1,1,1,7,2009
3.3,5.691858018407534,0.6194897215790547,1,6,3,12,2011
3.3,5.691858018407534,0.9443694063593278,1,10,3,3,2011
3.3,5.691858018407534,0.732891654656084,1,13,2,6,2012
3.3,5.691858018407534,0.64998689800748,1,0,1,2,2010
3.3,5.691858018407534,0.6035309864802557,1,8,1,8,2011
3.3,5.691858018407534,0.38265678929434954,1,9,7,10,2011
3.3,5.691858018407534,0.3733641401615236,1,3,7,1,2011
3.3,5.691858018407534,0.6133545623532154,1,8,6,12,2009
3.3,5.691858018407534,0.42680704840389355,1,21,4,7,2010
3.3,5.691858018407534,0.26618254404627634,1,16,3,12,2010
3.3,5.691858018407534,1.1095917925296648,1,13,6,1,2010
3.3,5.691858018407534,0.5973226690858087,1,17,5,3,2011
3.3,5.691858018407534,0.6289437968183847,1,5,2,5,2012
3.3,5.691858018407534,0.7061717337192059,1,23,2,1,2009
3.3,5.691858018407534,0.7912145108108909,1,2,6,9,2010
3.3,5.691858018407534,0.7494294388180558,1,5,3,3,2011
3.3,5.691858018407534,0.44888865832959396,1,8,1,6,2011
3.3,5.691858018407534,0.6839198491175869,1,12,3,2,2011
3.3,5.691858018407534,0.8073356687196251,1,21,1,1,2010
3.3,5.691858018407534,0.025199083683943396,1,0,7,1,2011
3.3,5.691858018407534,0.641356118212485,1,21,7,3,2009
3.3,5.691858018407534,0.4711794441215687,1,4,3,3,2010
3.3,5.691858018407534,0.642134438682987,1,17,4,8,2009
3.3,5.691858018407534,0.3880085688589063,1,11,3,7,2009
3.3,5.691858018407534,0.5987663939884642,1,1,4,5,2010
3.3,5.691858018407534,0.7497467258844445,1,2,3,9,2010
3.3,5.691858018407534,0.5145538274933442,1,17,1,11,2009
3.3,5.691858018407534,0.40256258030244313,1,10,1,6,2009
3.3,5.691858018407534,0.1584528067967845,1,4,1,3,2011
3.3,5.691858018407534,0.0385323745663539,1,5,6,12,2010
3.3,5.691858018407534,0.8003735219486794,1,19,1,11,2010
3.3,5.691858018407534,0.700196766446196,1,22,6,1,2009
3.3,5.691858018407534,0.6719948087887369,1,20,1,3,2010
3.3,5.691858018407534,0.67586585303933,1,19,5,1,2009
3.3,5.691858018407534,0.31257913535107296,1,16,2,1,2011
3.3,5.691858018407534,0.7294316349644462,1,5,6,7,2009
3.3,5.691858018407534,0.4053694350007347,1,4,5,2,2012
3.3,5.691858018407534,0.45815587269182656,1,5,2,2,2012
3.3,5.691858018407534,0.2376932276745477,1,15,6,2,2010
3.3,5.691858018407534,0.4060056669892668,1,15,2,8,2011
3.3,5.691858018407534,0.6320794085481078,1,23,3,9,2009
3.3,5.691858018407534,0.6905101387047797,1,18,5,12,2010
3.3,5.691858018407534,0.5725944448326405,1,2,1,4,2011
3.3,5.691858018407534,0.8441966158520106,1,4,3,8,2010
3.3,5.691858018407534,0.6123249718728114,1,21,3,3,2009
3.3,5.691858018407534,0.07437749555942008,1,0,2,7,2011
3.3,5.691858018407534,0.4118348361560108,1,11,1,1,2009
3.3,5.691858018407534,0.5742789168772153,1,17,3,3,2011
3.3,5.691858018407534,0.42959550718231626,1,3,2,12,2011
3.3,5.691858018407534,0.38701545749507593,1,10,3,3,2010
3.3,5.691858018407534,0.40510669905089247,1,2,7,8,2009
3.3,5.691858018407534,0.7297603059443915,1,21,6,7,2009
3.3,7.815834061880245,1.9511218346841719,1,15,2,8,2010
3.3,5.691858018407534,1.2332337811029555,1,23,6,4,2011
3.3,5.691858018407534,0.4201955162936169,1,2,6,2,2010
3.3,5.691858018407534,0.6600182529560925,1,17,5,12,2011
3.3,5.691858018407534,0.45881466358615824,1,10,2,11,2010
3.3,5.691858018407534,0.4619854223125518,1,4,2,8,2009
3.3,5.691858018407534,0.5751436914740093,1,11,7,2,2012
3.3,5.691858018407534,0.29839579364634095,1,3,4,11,2009
3.3,5.691858018407534,0.5233979743936349,1,19,7,2,2009
3.3,5.691858018407534,0.6632140647246124,1,17,3,6,2012
3.3,5.691858018407534,0.7409283969719941,1,0,1,9,2010
3.3,5.691858018407534,0.48957316827877323,1,4,4,1,2010
3.3,5.691858018407534,0.3295166549042162,1,18,5,8,2009
3.3,5.691858018407534,0.5837989358933771,1,16,5,3,2012
3.3,5.691858018407534,0.5682066443499887,1,3,1,5,2010
3.3,5.691858018407534,0.5378708447266292,1,3,3,11,2011
3.3,5.691858018407534,0.4506587873166553,1,2,3,2,2009
3.3,5.691858018407534,0.7293725935933374,1,9,7,5,2011
3.3,5.691858018407534,0.6514074132399919,1,0,3,11,2011
3.3,5.691858018407534,0.8172659913992221,1,22,1,2,2012
3.3,5.691858018407534,0.5160002192028164,1,14,2,1,2009
3.3,5.691858018407534,0.7767723029656204,1,6,2,8,2009
3.3,5.691858018407534,0.5456266789184262,1,8,6,12,2009
3.3,5.691858018407534,0.49709520520745887,1,19,3,12,2011
3.3,5.691858018407534,0.7812903498148165,1,20,4,10,2009
3.3,5.691858018407534,0.5229910905132735,1,1,6,3,2009
3.3,5.691858018407534,0.5644772301178872,1,21,2,11,2010
3.3,5.691858018407534,0.2726578179667001,1,8,2,6,2010
3.3,5.691858018407534,0.42750651810926277,1,23,6,1,2011
3.3,5.691858018407534,0.7224280971348911,1,3,3,9,2010
3.3,5.691858018407534,0.6649876389793624,1,13,4,12,2009
3.3,5.691858018407534,0.40241710933012675,1,4,3,3,2011
3.3,5.691858018407534,0.5355332722359449,1,17,1,12,2009
3.3,5.691858018407534,0.5368326135813187,1,19,6,9,2009
3.3,5.691858018407534,0.6938111652862943,1,5,2,7,2012
3.3,5.691858018407534,0.9467281995548038,1,12,1,4,2010
3.3,5.691858018407534,0.524845739906045,1,15,1,12,2010
3.3,5.691858018407534,0.44991049378700415,1,20,7,1,2009
3.3,5.691858018407534,0.5930131388539236,1,14,2,2,2011
3.3,5.691858018407534,0.598924429814293,1,19,3,1,2009
3.3,5.691858018407534,0.5224207181900811,1,18,4,3,2009
3.3,5.691858018407534,0.31667702100985895,1,21,5,11,2009
3.3,5.691858018407534,0.6471654628513335,1,3,2,4,2012
3.3,5.691858018407534,0.6752304610717315,1,22,6,4,2010
3.3,5.691858018407534,0.25344904598108803,1,9,1,4,2012
3.3,5.691858018407534,0.39184309912947496,1,1,6,11,2011
3.3,5.691858018407534,0.5578178826271012,1,0,5,7,2009
3.3,5.691858018407534,0.48999155803895805,1,5,3,4,2011
3.3,5.691858018407534,0.5344445216993483,1,22,2,4,2010
3.3,5.691858018407534,0.4530261322725366,1,8,1,12,2010
3.3,5.691858018407534,0.654825402132556,1,1,1,2,2010
3.3,5.691858018407534,0.7406469635655654,1,22,2,10,2009
3.3,5.691858018407534,0.40894869495687497,1,4,1,2,2010
3.3,5.691858018407534,0.8143592747358297,1,19,1,5,2010
3.3,5.691858018407534,0.4410139277276796,1,8,1,8,2010
3.3,5.691858018407534,1.0877948103908017,1,23,4,4,2010
3.3,5.691858018407534,0.329147200146756,1,19,7,4,2011
3.3,5.691858018407534,0.618541362846403,1,20,4,12,2009
3.3,5.691858018407534,0.5736350598059324,1,0,1,10,2010
3.3,5.691858018407534,0.4510423173338909,1,1,6,6,2012
3.3,5.691858018407534,0.7757704994694317,1,20,7,6,2010
3.3,5.691858018407534,0.856008413956782,1,16,6,8,2009
3.3,13.457201925180561,4.878032100458359,1,17,7,9,2010
3.3,5.691858018407534,0.46639725998071097,1,3,4,2,2012
3.3,5.691858018407534,0.5047950444420614,1,19,3,3,2012
3.3,5.691858018407534,0.8183739681257901,1,20,5,7,2012
3.3,5.691858018407534,0.5882616109512858,1,15,5,6,2011
3.3,5.691858018407534,0.36896590982027877,1,7,2,3,2012
3.3,5.691858018407534,0.5048918511751663,1,22,5,5,2010
3.3,5.691858018407534,0.49176845323474133,1,1,6,5,2009
3.3,5.691858018407534,0.5876257776552872,1,4,4,1,2010
3.3,5.691858018407534,0.5297170341408381,1,2,4,9,2009
3.3,5.691858018407534,0.46514264357115975,1,18,1,11,2009
3.3,5.691858018407534,0.47904591560258936,1,4,4,4,2012
3.3,5.691858018407534,0.40737336745837566,1,4,6,4,2011
3.3,5.691858018407534,0.7632092164791331,1,21,2,6,2010
3.3,5.691858018407534,0.6877445675334586,1,4,7,7,2011
3.3,5.691858018407534,0.4228400242683344,1,3,4,1,2010
3.3,5.691858018407534,0.141420525288236,1,20,7,10,2010
3.3,5.691858018407534,0.42657150486253975,1,14,1,5,2009
3.3,5.691858018407534,0.7960898807693526,1,5,1,6,2011
3.3,5.691858018407534,0.3785361582799767,1,14,4,12,2009
3.3,5.691858018407534,0.5215688260305599,1,4,7,8,2012
3.3,5.691858018407534,0.7198213573205283,1,2,5,12,2009
3.3,5.691858018407534,0.6455392028471102,1,23,3,3,2011
3.3,5.691858018407534,0.4518833695884028,1,15,3,4,2009
3.3,5.691858018407534,0.42697438116918507,1,8,7,1,2011
3.3,5.691858018407534,0.48610463350299643,1,5,1,3,2011
3.3,5.691858018407534,0.6327047640182865,1,16,3,9,2009
3.3,5.691858018407534,0.5769238635637336,1,1,6,1,2010
3.3,5.691858018407534,0.2395539243093828,1,15,3,10,2010
3.3,5.691858018407534,0.4057217354744503,1,3,6,4,2011
3.3,5.691858018407534,0.29667871076247865,1,17,6,3,2009
3.3,5.691858018407534,0.5980455402812065,1,16,1,10,2009
3.3,5.691858018407534,0.2661501098863342,1,20,4,1,2010
3.3,5.691858018407534,0.44480597034393893,1,14,2,8,2010
3.3,5.691858018407534,0.8136649325056804,1,21,1,5,2010
3.3,5.691858018407534,0.4357252910756555,1,5,4,1,2009
3.3,5.691858018407534,0.2960044077435878,1,20,2,9,2009
3.3,5.691858018407534,0.5672464027864785,1,16,3,6,2010
3.3,5.691858018407534,0.49921672819022195,1,14,4,2,2011
3.3,5.691858018407534,0.15329709470657282,1,3,5,5,2009
3.3,5.691858018407534,0.7270028687181894,1,5,1,2,2011
3.3,5.691858018407534,0.48213307741941563,1,16,7,6,2011
3.3,5.691858018407534,0.8641669631781146,1,2,7,6,2009
3.3,5.691858018407534,0.27674421106483144,1,18,4,1,2009
3.3,5.691858018407534,0.6668265580077285,1,1,4,11,2010
3.3,5.691858018407534,0.5094969921405508,1,2,1,6,2012
3.3,5.691858018407534,0.4152766218308183,1,13,5,7,2012
3.3,5.691858018407534,0.5342091946550519,1,19,3,7,2010
3.3,5.691858018407534,0.7864063911404512,1,3,4,12,2010
3.3,5.691858018407534,0.5904523370159748,1,22,6,3,2011
3.3,5.691858018407534,0.7525860326980414,1,0,3,3,2010
3.3,5.691858018407534,0.5743271718532771,1,14,4,3,2011
3.3,5.691858018407534,0.42217899827432726,1,14,5,12,2011
